score,label
0,0
44,0
37,0
33,0
68,0
17,0
45,0
49,1
7,0
66,0
27,0
12,0
0,0
10,0
32,0
19,0
56,0
42,0
39,0
10,0
89,1
77,1
32,0
38,0
36,0
48,0
46,0
15,0
18,0
41,0
30,0
60,0
46,0
6,0
28,0
35,0
15,0
25,0
15,0
15,0
47,0
53,0
37,0
43,0
25,0
50,0
28,0
22,0
13,0
63,1
39,0
41,0
46,0
23,0
21,0
47,0
28,0
78,1
25,0
43,0
63,0
54,1
26,0
45,1
61,1
36,0
67,0
27,0
26,0
37,0
38,0
36,0
34,0
41,0
51,0
78,1
44,0
43,0
29,0
19,0
25,0
47,0
16,0
22,0
57,0
27,0
9,0
23,0
46,0
53,0
28,0
37,0
100,1
41,0
6,0
50,0
52,0
29,0
14,0
49,0
14,0
96,1
28,0
34,0
40,0
8,0
13,0
25,0
30,0
14,0
17,0
10,0
72,0
43,0
32,0
32,0
38,0
20,0
41,0
27,0
16,0
32,0
64,0
61,0
32,0
25,0
16,0
35,0
7,0
22,0
30,0
44,0
87,1
20,0
34,0
39,0
47,0
36,0
42,0
15,0
29,0
19,0
13,0
55,0
8,0
38,0
0,0
31,0
21,0
17,0
51,0
55,0
40,0
18,0
33,0
25,0
40,0
59,0
48,0
32,0
31,0
28,0
61,0
26,0
20,0
52,0
68,0
30,0
35,0
13,0
30,0
67,0
6,0
64,0
34,0
0,0
27,0
34,0
17,0
79,1
0,0
49,0
26,0
28,0
2,0
40,0
57,1
43,0
56,0
33,0
18,0
35,0
16,0
21,0
31,0
59,0
27,0
44,0
55,0
50,0
49,0
28,0
27,0
22,0
25,0
11,0
31,0
8,0
19,0
0,0
30,0
31,0
32,0
47,0
39,0
34,0
0,0
26,0
42,0
57,0
39,0
30,0
35,0
25,0
18,0
13,0
30,0
19,0
36,0
64,0
45,0
58,0
19,0
40,0
31,0
20,0
0,0
59,0
10,0
26,0
42,0
31,0
30,0
48,0
60,0
56,0
8,0
30,0
26,0
38,0
33,0
40,0
13,0
95,1
34,0
31,0
61,0
27,0
0,0
55,0
17,0
68,1
40,0
25,0
58,0
55,0
41,0
24,0
50,1
59,0
41,0
9,0
27,0
0,0
42,0
42,0
38,0
88,1
46,0
42,0
39,0
26,0
45,0
49,0
32,0
29,0
8,0
4,0
27,0
31,0
29,0
51,0
7,0
24,0
35,0
54,0
27,0
42,0
16,0
44,0
31,0
44,0
45,0
59,0
73,0
36,0
17,0
44,0
40,0
47,0
33,0
40,0
46,0
11,0
19,0
11,0
33,0
48,0
74,1
57,0
32,0
47,0
46,0
25,0
43,0
62,1
9,0
73,0
37,0
21,0
0,0
13,0
45,0
36,0
3,0
16,0
42,0
1,0
10,0
32,0
60,0
79,1
28,0
63,0
65,0
49,1
15,0
21,0
40,0
0,0
38,0
25,0
7,0
25,0
4,0
23,0
16,0
17,0
21,0
17,0
43,0
7,0
64,0
39,0
40,0
38,0
18,0
73,1
25,0
51,0
23,0
45,0
0,0
32,0
62,0
44,0
55,0
27,0
44,0
28,0
28,0
20,0
26,0
27,0
21,0
50,0
71,0
43,0
30,0
47,0
34,0
43,0
17,0
35,0
48,0
14,0
46,0
24,0
79,1
39,0
23,0
29,0
66,1
64,0
9,0
44,0
55,0
22,0
22,0
40,0
0,0
62,0
35,0
33,0
0,0
17,0
36,0
20,0
57,0
52,0
32,0
41,0
71,1
13,0
23,0
30,0
90,1
34,0
9,0
37,0
75,0
48,0
30,0
60,0
42,0
22,0
47,0
0,0
36,0
19,0
30,0
32,0
41,0
29,0
34,0
15,0
34,0
80,1
39,0
20,0
22,0
76,0
41,0
31,0
98,1
6,0
37,0
56,0
58,0
64,0
57,0
39,0
16,0
34,0
0,0
41,0
49,0
44,0
36,0
46,0
37,0
33,0
43,0
53,0
44,0
27,0
17,0
18,0
39,0
37,0
59,0
44,0
38,0
72,1
25,0
24,0
20,0
82,1
36,0
30,0
46,0
63,0
2,0
23,0
7,0
47,0
32,0
72,0
8,0
40,0
28,0
36,0
10,0
15,0
70,0
33,0
17,0
64,0
25,0
61,0
58,0
39,0
44,0
45,0
57,0
39,0
0,0
52,0
47,0
49,0
60,0
75,1
42,0
15,0
32,0
38,0
73,0
8,0
35,0
11,0
43,0
13,0
49,0
26,0
28,0
21,0
53,0
41,0
53,0
2,0
35,0
47,0
32,0
33,0
37,0
22,0
36,0
53,0
48,0
34,0
42,0
41,0
39,0
7,0
59,0
26,0
33,0
25,0
23,0
44,0
14,0
29,0
32,0
22,0
81,1
27,0
11,0
12,0
23,0
46,0
48,0
46,0
48,0
52,0
24,0
28,0
17,0
14,0
33,0
26,0
42,0
33,0
0,0
36,0
41,0
12,0
38,0
42,0
37,0
21,0
34,0
57,0
43,0
10,0
39,0
21,0
14,0
45,0
61,0
14,0
30,0
23,0
63,0
88,1
44,0
40,0
5,0
38,0
46,0
25,0
61,0
76,1
44,0
55,0
29,0
45,0
55,0
0,0
46,0
32,0
53,0
31,0
10,0
46,0
70,1
32,0
17,0
20,0
55,0
44,0
44,0
67,0
35,0
49,0
38,0
33,0
33,0
80,0
7,0
37,0
39,0
68,0
68,1
28,0
33,0
35,0
35,0
3,0
31,0
54,0
76,1
55,0
29,0
21,0
74,1
48,0
48,0
76,1
32,0
54,0
23,0
44,0
60,0
41,0
50,0
21,0
45,0
25,0
55,0
35,0
24,0
40,0
40,0
15,0
8,0
43,0
27,0
17,0
69,0
0,0
37,0
19,0
30,0
61,0
25,0
65,0
31,0
49,0
15,0
0,0
1,0
34,0
0,0
34,0
14,0
25,0
55,0
60,0
49,1
59,1
29,0
54,0
21,0
30,0
10,0
21,0
32,0
44,0
13,0
0,0
43,0
39,0
31,0
69,0
12,0
39,0
20,0
38,0
13,0
88,1
40,0
25,0
28,0
0,0
0,0
29,0
36,0
18,0
38,0
27,0
36,0
38,0
40,0
42,0
24,0
46,0
35,0
46,0
33,0
61,0
54,0
12,0
43,0
22,0
41,0
33,0
25,0
21,0
0,0
32,0
36,0
30,0
43,0
35,0
38,0
37,0
45,0
26,0
0,0
18,0
45,0
40,0
51,0
44,0
34,0
30,0
66,1
44,0
63,0
22,0
25,0
55,0
30,0
58,0
23,0
39,0
39,0
34,0
4,0
17,0
33,0
85,1
34,0
15,0
44,0
33,0
0,0
21,0
22,0
0,0
58,0
39,0
69,0
79,1
10,0
23,0
49,0
13,0
10,0
21,0
0,0
37,0
29,0
30,0
7,0
18,0
22,0
26,0
63,0
48,0
12,0
22,0
28,0
40,0
46,0
55,0
28,0
40,0
45,0
61,1
81,0
31,0
12,0
86,0
41,0
22,0
51,0
14,0
65,0
34,0
51,0
34,0
18,0
26,0
64,1
33,0
6,0
29,0
29,0
62,0
46,0
65,1
67,0
29,0
47,0
44,0
46,0
47,0
74,0
35,0
48,0
22,0
13,0
57,1
66,0
39,0
52,0
52,0
29,0
26,0
49,0
15,0
52,0
19,0
17,0
50,0
53,0
0,0
26,0
21,0
28,0
39,0
26,0
23,0
43,0
11,0
14,0
21,0
58,0
13,0
43,0
9,0
0,0
31,0
20,0
53,0
73,1
52,0
47,0
50,0
45,0
41,0
61,0
43,0
24,0
32,0
45,0
26,0
73,1
22,0
50,0
14,0
57,0
86,1
24,0
50,0
73,0
30,0
25,0
57,0
57,0
21,0
45,0
40,0
42,0
26,0
38,0
27,0
26,0
31,0
16,0
33,0
11,0
32,0
18,0
33,0
46,0
50,0
27,0
74,1
25,0
61,0
32,0
28,0
30,0
55,0
41,0
49,0
81,1
32,0
48,0
33,0
46,0
30,0
18,0
37,0
22,0
75,1
9,0
26,0
47,0
47,0
41,0
19,0
19,0
0,0
67,0
14,0
9,0
63,0
15,0
0,0
23,0
82,1
29,0
59,0
55,0
32,0
31,0
45,0
18,0
46,0
35,0
30,0
7,0
50,0
0,0
0,0
24,0
54,0
37,0
49,0
14,0
63,0
37,0
25,0
49,0
50,0
10,0
11,0
0,0
75,1
3,0
52,0
25,0
46,0
31,0
58,1
32,0
27,0
60,0
43,0
23,0
30,0
80,1
32,0
48,0
40,0
81,0
11,0
28,0
55,0
36,0
48,0
2,0
24,0
15,0
25,0
43,0
10,0
45,0
26,0
51,0
41,0
37,0
9,0
22,0
43,0
3,0
39,0
9,0
23,0
44,0
53,0
57,0
22,0
17,0
31,0
30,0
24,0
86,1
23,0
33,0
32,0
36,0
32,0
48,0
40,0
50,0
47,0
34,0
34,0
41,0
41,0
38,0
0,0
32,0
72,1
56,0
28,0
49,0
22,0
67,0
33,0
27,0
45,0
50,0
42,0
45,0
42,0
52,0
19,0
41,0
23,0
58,0
14,0
54,0
31,0
100,1
51,0
52,0
32,0
25,0
22,0
25,0
26,0
15,0
55,0
40,0
82,0
31,0
10,0
30,0
45,0
34,0
33,0
48,0
38,0
57,0
60,0
59,0
34,0
7,0
4,0
49,0
26,0
67,1
32,0
29,0
62,0
43,0
26,0
32,0
34,0
28,0
20,0
34,0
22,0
33,0
88,0
54,1
23,0
16,0
25,0
44,0
65,0
42,0
49,0
63,0
0,0
31,0
26,0
26,0
19,0
8,0
13,0
46,0
40,0
45,0
29,0
6,0
8,0
31,0
46,0
20,0
60,0
35,0
18,0
47,0
41,0
43,0
22,0
28,0
53,0
28,0
50,0
16,0
35,0
0,0
49,0
66,0
28,0
23,0
49,0
66,0
56,0
40,0
56,0
29,0
36,0
57,0
47,0
66,1
49,0
56,0
19,0
30,0
60,0
4,0
29,0
19,0
23,0
27,0
12,0
39,0
40,0
35,0
42,0
81,0
41,0
39,0
22,0
53,0
31,0
41,0
43,0
33,0
40,0
0,0
56,0
26,0
48,0
72,1
40,0
41,0
39,0
59,0
7,0
43,0
16,0
43,0
35,0
52,0
62,0
21,0
22,0
30,0
27,0
24,0
56,0
62,0
40,0
65,0
68,0
43,0
37,0
50,1
21,0
57,0
0,0
31,0
3,0
40,0
37,0
48,0
26,0
33,0
50,0
53,0
59,0
1,0
46,0
52,0
10,0
25,0
27,0
45,0
11,0
15,0
36,0
33,0
52,0
90,1
28,0
3,0
19,0
0,0
10,0
48,0
25,0
92,1
38,0
0,0
41,0
43,0
63,0
24,0
45,0
86,1
27,0
33,0
39,0
41,0
34,0
63,0
49,0
36,0
48,0
43,0
17,0
32,0
29,0
21,0
40,0
17,0
44,0
29,0
5,0
74,0
36,0
79,1
32,0
48,0
52,0
24,0
45,0
43,0
48,0
27,0
50,0
20,0
4,0
17,0
17,0
55,0
45,0
37,0
44,0
40,0
28,0
43,0
21,0
17,0
42,0
28,0
31,0
46,0
61,0
43,0
72,1
27,0
19,0
31,0
36,0
40,0
20,0
35,0
28,0
33,0
25,0
36,0
21,0
36,0
36,0
27,0
10,0
25,0
65,0
10,0
24,0
61,0
9,0
39,0
8,0
31,0
54,0
42,0
31,0
28,0
19,0
43,0
22,0
26,0
61,0
80,1
14,0
13,0
48,0
12,0
29,0
16,0
15,0
23,0
24,0
45,0
9,0
12,0
56,0
35,0
7,0
32,0
20,0
0,0
41,0
38,0
39,0
29,0
79,1
18,0
33,0
44,0
39,0
35,0
14,0
33,0
51,0
63,0
32,0
54,0
32,0
41,0
24,0
39,0
47,0
0,0
41,0
7,0
34,0
36,0
38,0
28,0
23,0
16,0
28,0
32,0
51,0
27,0
31,0
39,0
36,0
14,0
36,0
26,0
29,0
5,0
30,0
57,0
48,0
28,0
42,0
60,0
38,0
38,0
37,0
64,0
34,0
64,0
50,0
48,0
24,0
14,0
27,0
36,0
2,0
32,0
7,0
40,0
67,0
20,0
40,0
84,1
41,0
30,0
43,0
12,0
22,0
47,0
15,0
12,0
49,0
28,0
30,0
9,0
60,0
48,0
38,0
21,0
32,0
53,0
26,0
14,0
29,0
19,0
28,0
27,0
27,0
31,0
12,0
37,0
29,0
27,0
43,0
45,0
26,0
29,0
27,0
30,0
36,0
30,0
66,0
41,0
36,0
16,0
44,0
40,0
74,0
55,0
49,0
32,0
28,0
48,0
27,0
26,0
33,0
74,0
31,0
31,0
37,0
67,0
33,0
25,0
33,0
48,0
64,1
16,0
36,0
84,1
44,0
7,0
36,0
53,0
59,0
40,0
28,0
57,0
5,0
32,0
42,0
29,0
28,0
5,0
36,0
20,0
30,0
92,1
41,0
22,0
27,0
6,0
39,0
36,0
19,0
36,0
21,0
37,0
10,0
44,0
42,0
37,0
11,0
21,0
25,0
12,0
15,0
22,0
34,0
3,0
18,0
29,0
9,0
2,0
36,0
26,0
51,0
26,0
22,0
0,0
72,0
11,0
51,0
38,0
59,0
49,0
44,0
59,0
64,0
42,0
34,0
43,0
90,1
64,0
80,0
25,0
41,0
23,0
38,0
36,0
13,0
20,0
43,0
17,0
28,0
79,1
54,0
70,0
66,0
78,1
61,0
23,0
43,0
31,0
12,0
37,0
30,0
61,1
51,0
54,0
25,0
48,0
14,0
70,0
44,0
75,1
26,0
37,0
26,0
21,0
41,0
29,0
16,0
36,0
19,0
71,0
51,1
60,1
25,0
36,0
44,0
29,0
48,0
46,0
51,0
22,0
36,0
51,0
5,0
22,0
15,0
11,0
72,0
23,0
12,0
38,0
74,0
23,0
18,0
8,0
33,0
20,0
0,0
31,0
22,0
27,0
53,0
44,0
28,0
44,0
57,0
23,0
35,0
23,0
51,0
28,0
17,0
41,0
12,0
47,0
33,0
50,0
68,0
34,0
20,0
31,0
29,0
34,0
61,0
30,0
18,0
43,0
43,0
28,0
31,0
25,0
62,0
12,0
17,0
37,0
30,0
14,0
69,0
39,0
10,0
23,0
43,0
20,0
27,0
58,0
42,0
4,0
21,0
38,0
19,0
41,0
42,0
3,0
50,0
25,0
40,0
13,0
14,0
29,0
23,0
36,0
41,0
53,0
20,0
39,0
21,0
23,0
37,0
59,0
45,0
25,0
100,1
36,0
19,0
58,0
37,0
51,1
73,1
39,0
29,0
40,0
29,0
14,0
43,0
21,0
26,0
40,0
50,0
54,0
26,0
69,1
22,0
68,0
58,0
16,0
59,0
35,0
59,0
60,0
58,0
51,0
24,0
30,0
43,0
28,0
12,0
43,0
2,0
60,0
36,0
58,0
45,0
25,0
64,0
59,0
5,0
54,0
44,0
34,0
9,0
19,0
5,0
32,0
33,0
58,0
24,0
37,0
43,0
27,0
27,0
25,0
22,0
52,0
52,0
48,0
45,0
14,0
7,0
31,0
34,0
46,0
49,0
26,0
36,0
34,0
41,0
29,0
97,1
30,0
52,0
26,0
27,0
36,0
31,0
35,0
37,0
55,0
34,0
72,0
28,0
45,0
34,0
33,0
49,0
38,0
45,0
38,0
65,0
72,1
23,0
20,0
40,0
38,0
16,0
17,0
32,0
28,0
22,0
43,0
27,0
36,0
41,0
46,0
54,0
45,0
58,0
76,1
28,0
40,0
63,1
54,0
25,0
74,1
14,0
22,0
55,0
34,0
45,0
24,0
52,0
28,0
3,0
67,0
41,0
70,0
35,0
52,0
38,0
53,0
20,0
51,0
51,0
37,0
41,0
34,0
78,1
0,0
37,0
22,0
36,0
33,0
72,1
21,0
16,0
17,0
42,0
24,0
28,0
35,0
16,0
76,1
52,0
7,0
13,0
42,0
39,0
24,0
34,0
53,0
100,1
33,0
28,0
35,0
31,0
22,0
20,0
0,0
8,0
32,0
21,0
64,0
19,0
34,0
47,0
5,0
43,0
37,0
47,0
33,0
50,0
39,0
45,0
37,0
48,0
54,0
61,0
42,0
22,0
45,0
29,0
44,0
31,0
26,0
46,0
53,0
28,0
30,0
22,0
41,0
33,0
12,0
22,0
35,0
46,0
40,0
13,0
37,0
40,0
63,1
7,0
42,0
14,0
13,0
41,0
29,0
29,0
35,0
44,0
12,0
26,0
41,0
36,0
56,0
22,0
8,0
66,0
14,0
49,0
35,0
24,0
9,0
36,0
22,0
38,0
11,0
54,0
28,0
74,1
30,0
35,0
19,0
31,0
76,1
71,1
100,1
39,0
83,1
45,0
42,0
25,0
40,0
17,0
45,0
25,0
42,0
37,0
52,0
10,0
42,0
23,0
60,0
35,0
15,0
48,0
13,0
23,0
32,0
45,0
28,0
60,0
27,0
35,0
25,0
2,0
42,0
61,1
47,0
51,0
5,0
0,0
30,0
52,0
68,0
41,0
37,0
37,0
52,0
37,0
7,0
56,0
36,0
38,0
34,0
23,0
44,0
34,0
23,0
47,0
42,0
47,0
42,0
38,0
48,0
51,0
60,0
3,0
42,0
66,0
16,0
34,0
34,0
12,0
29,0
25,0
70,1
28,0
44,0
32,0
14,0
29,0
40,0
37,0
27,0
28,0
48,0
14,0
22,0
18,0
75,0
22,0
14,0
65,0
45,0
27,0
35,0
0,0
49,0
35,0
36,0
35,0
56,0
13,0
21,0
21,0
60,0
29,0
80,0
19,0
27,0
56,0
36,0
18,0
20,0
45,0
30,0
19,0
40,0
49,0
43,0
42,0
19,0
34,0
57,0
39,0
76,0
53,0
52,0
50,0
21,0
26,0
26,0
26,0
38,0
15,0
55,0
34,0
20,0
24,0
29,0
47,0
15,0
0,0
44,0
23,0
53,0
25,0
83,1
5,0
28,0
54,0
17,0
27,0
18,0
52,0
61,0
24,0
30,0
11,0
19,0
26,0
37,0
25,0
59,0
18,0
14,0
24,0
18,0
36,0
33,0
34,0
49,0
32,0
41,0
40,0
47,0
36,0
87,1
23,0
43,0
17,0
50,0
13,0
31,0
25,0
46,0
46,0
18,0
58,0
39,0
62,1
38,0
12,0
55,0
38,0
49,0
67,0
48,0
57,0
76,0
56,0
55,0
28,0
45,0
41,0
61,0
48,0
36,0
32,0
53,0
60,1
30,0
30,0
21,0
0,0
36,0
34,0
26,0
37,0
35,0
37,0
16,0
38,0
90,1
7,0
40,0
42,0
13,0
22,0
26,0
61,0
75,0
27,0
52,0
53,0
3,0
16,0
35,0
38,0
48,0
41,0
52,0
7,0
10,0
29,0
41,0
20,0
54,0
36,0
32,0
42,0
37,0
36,0
23,0
27,0
30,0
61,0
39,0
21,0
34,0
22,0
36,0
15,0
36,0
32,0
53,0
100,1
24,0
31,0
22,0
3,0
0,0
53,0
34,0
24,0
26,0
22,0
18,0
33,0
60,0
20,0
42,0
4,0
67,0
63,0
90,1
27,0
31,0
1,0
10,0
42,0
51,0
10,0
7,0
32,0
34,0
34,0
72,1
45,0
29,0
55,0
41,0
0,0
65,0
62,0
6,0
43,0
30,0
15,0
26,0
0,0
24,0
40,0
28,0
44,0
26,0
62,0
25,0
13,0
47,0
25,0
25,0
27,0
11,0
27,0
50,0
17,0
39,0
0,0
49,0
57,0
13,0
56,0
0,0
46,0
13,0
14,0
25,0
26,0
25,0
84,1
48,0
75,1
49,0
49,0
18,0
43,0
48,0
36,0
39,0
42,0
47,0
17,0
65,1
70,1
16,0
12,0
3,0
33,0
41,0
51,0
19,0
18,0
46,0
8,0
98,1
43,0
72,1
27,0
75,0
31,0
26,0
37,0
55,0
22,0
38,0
24,0
16,0
18,0
37,0
38,0
54,0
21,0
19,0
30,0
55,0
32,0
21,0
64,1
14,0
35,0
31,0
32,0
36,0
56,0
40,0
62,1
49,0
37,0
36,0
12,0
36,0
23,0
12,0
37,0
55,0
39,0
52,1
50,0
55,1
39,0
1,0
19,0
47,0
4,0
52,0
38,0
48,0
48,0
39,0
19,0
0,0
36,0
25,0
17,0
32,0
28,0
41,0
9,0
31,0
48,0
58,0
18,0
30,0
39,0
37,0
15,0
15,0
15,0
42,0
55,0
26,0
27,0
40,0
19,0
24,0
42,0
2,0
48,0
61,0
49,0
18,0
86,1
81,0
41,0
32,0
64,0
52,0
15,0
25,0
29,0
46,0
9,0
22,0
60,0
22,0
36,0
10,0
60,0
58,0
44,0
31,0
52,1
37,0
18,0
48,0
25,0
18,0
46,0
50,0
35,0
56,0
28,0
15,0
41,0
0,0
18,0
34,0
34,0
49,0
11,0
35,0
37,0
23,0
61,0
21,0
28,0
59,0
33,0
12,0
21,0
9,0
40,0
29,0
52,0
39,0
58,0
36,0
35,0
36,0
69,0
47,0
14,0
20,0
17,0
39,0
27,0
26,0
31,0
42,0
29,0
33,0
42,0
36,0
42,0
18,0
33,0
50,0
43,0
40,0
24,0
68,1
47,0
20,0
82,1
57,0
29,0
38,0
0,0
6,0
53,0
44,0
28,0
23,0
32,0
35,0
66,0
88,1
33,0
36,0
34,0
34,0
34,0
59,0
52,0
51,0
80,1
22,0
53,0
24,0
23,0
4,0
35,0
36,0
45,0
36,0
39,0
87,1
15,0
44,0
35,0
30,0
22,0
58,0
35,0
50,0
40,0
43,0
31,0
34,0
27,0
35,0
47,0
20,0
9,0
45,0
50,0
20,0
34,0
48,0
68,1
33,0
65,0
45,0
35,0
44,0
35,0
13,0
39,0
39,0
22,0
46,0
34,0
4,0
12,0
35,0
24,0
9,0
11,0
45,0
46,0
26,0
2,0
11,0
45,0
35,0
56,0
50,0
25,0
23,0
38,0
42,0
11,0
26,0
42,0
70,1
29,0
27,0
16,0
18,0
63,0
36,0
13,0
13,0
0,0
69,0
30,0
59,0
21,0
21,0
33,0
27,0
4,0
57,0
76,1
11,0
11,0
22,0
85,1
68,0
33,0
38,0
55,0
43,0
49,0
30,0
30,0
19,0
21,0
84,1
49,0
39,0
70,0
37,0
27,0
62,0
9,0
6,0
10,0
34,0
30,0
27,0
36,0
39,0
13,0
47,0
66,0
32,0
16,0
35,0
50,0
56,1
30,0
51,0
34,0
50,0
51,0
14,0
40,0
28,0
27,0
51,0
33,0
11,0
24,0
26,0
35,0
31,0
58,0
80,1
12,0
53,0
42,0
40,0
44,0
21,0
31,0
67,0
68,0
34,0
10,0
32,0
43,0
66,0
0,0
59,0
7,0
37,0
35,0
0,0
46,0
20,0
27,0
25,0
77,0
50,0
39,0
40,0
7,0
40,0
34,0
64,0
0,0
66,0
35,0
40,0
65,0
8,0
46,0
51,0
29,0
33,0
57,0
58,0
42,0
66,0
85,0
54,0
9,0
40,0
44,0
15,0
35,0
0,0
37,0
30,0
58,0
75,0
61,0
23,0
22,0
27,0
16,0
27,0
3,0
66,0
19,0
48,0
31,0
35,0
58,0
51,0
47,0
26,0
28,0
68,0
2,0
98,1
27,0
56,0
35,0
40,0
47,0
16,0
27,0
39,0
41,0
18,0
22,0
30,0
21,0
24,0
18,0
23,0
24,0
71,0
23,0
39,0
67,0
41,0
23,0
43,0
48,0
49,0
37,0
46,0
19,0
40,0
29,0
79,1
30,0
25,0
39,0
45,0
5,0
44,0
32,0
41,0
46,0
41,0
43,0
51,0
36,0
45,0
0,0
90,0
7,0
50,0
45,0
66,0
54,0
56,0
21,0
28,0
34,0
30,0
9,0
40,0
37,0
19,0
30,0
51,0
29,0
39,0
11,0
46,0
17,0
34,0
64,1
31,0
14,0
67,1
38,0
34,0
35,0
21,0
35,0
1,0
47,0
5,0
46,0
32,0
21,0
37,0
45,0
41,0
73,1
33,0
47,0
25,0
23,0
18,0
10,0
38,0
53,0
27,0
61,0
29,0
52,0
40,0
48,0
38,0
44,0
61,1
17,0
23,0
67,0
48,0
24,0
51,0
44,0
29,0
25,0
7,0
58,0
28,0
22,0
47,0
48,0
73,1
30,0
30,0
32,0
19,0
28,0
10,0
37,0
28,0
34,0
57,1
44,0
42,0
37,0
23,0
46,0
54,0
47,0
30,0
23,0
9,0
0,0
9,0
43,0
75,1
16,0
19,0
15,0
33,0
32,0
48,0
31,0
35,0
31,0
8,0
50,0
50,0
38,0
52,0
55,0
26,0
48,0
31,0
26,0
51,0
24,0
96,1
23,0
39,0
26,0
42,0
54,0
49,0
0,0
18,0
36,0
51,0
36,0
22,0
73,0
30,0
62,0
60,0
60,0
47,0
45,0
6,0
56,0
26,0
23,0
30,0
47,0
27,0
23,0
68,0
43,0
31,0
61,1
25,0
14,0
63,0
18,0
45,0
43,0
13,0
61,0
33,0
11,0
48,0
53,0
67,0
29,0
28,0
29,0
35,0
37,0
48,0
49,0
14,0
47,0
34,0
35,0
50,0
35,0
62,0
47,0
43,0
31,0
17,0
50,0
29,0
26,0
34,0
41,0
36,0
41,0
26,0
5,0
39,0
0,0
10,0
61,0
14,0
70,0
76,1
38,0
47,0
39,0
19,0
45,0
60,0
0,0
75,0
31,0
12,0
35,0
38,0
53,0
38,0
21,0
